{
    "delta_leg_mass": 0,
    "_runtime": 2692.426290833,
    "source_to_target_mean": 552.2210872800001,
    "_wandb": {
        "runtime": 2692
    },
    "source_to_target_std": 46.81315493526869,
    "_timestamp": 1.7377279218230867e+09,
    "delta_foot_mass": 0,
    "source_to_source_std": 194.16098523207037,
    "delta_thigh_mass": 0.35,
    "_step": 0,
    "source_to_source_mean": 1418.2427757199998,
    "timesteps": 1000000
}