{
    "delta_thigh_mass": "0.2",
    "delta_leg_mass": "0",
    "delta_foot_mass": "0",
    "source_to_source_mean": 1669.8571671,
    "source_to_source_std": 147.75987888746494,
    "source_to_target_mean": 828.8657737400001,
    "source_to_target_std": 53.67024787649702,
    "timesteps": 700000,
    "_timestamp": 1737280101.4921916,
    "_runtime": 1221.2549974918365,
    "_step": 0,
    "_wandb": {
        "runtime": 1220
    }
}