{"_runtime":3077.353552724,"target_to_target_std":195.29313980547633,"clip_range":0.2592725927206027,"_wandb":{"runtime":3077},"ent_coef":0.008488432992822627,"_timestamp":1.7375579466188192e+09,"learning_rate":0.0006300527514011257,"timesteps":1000000,"_step":0,"target_to_target_mean":1168.10067626}