{
    "source_to_target_std": 25.640810986276435,
    "source_to_source_std": 131.99253683218512,
    "_runtime": 2656.176885989,
    "_timestamp": 1.7370437700149324e+09,
    "_wandb": {
        "runtime": 2656
    },
    "ent_coef": 0.012119784150808024,
    "source_to_target_mean": 952.5964389999999,
    "clip_range": 0.32027045597784387,
    "_step": 0,
    "timesteps": 700000,
    "source_to_source_mean": 1775.9864925,
    "learning_rate": 0.0004329019264083943
}