{"source_to_source_mean":725.8190434400001,"source_to_target_mean":595.6392782199999,"_step":0,"_wandb":{"runtime":2557},"learning_rate":0.0003871687969324724,"_timestamp":1.737505558288293e+09,"source_to_target_std":6.989787036819538,"ent_coef":0.0012656387096912597,"_runtime":2557.186326678,"source_to_source_std":48.4290538899659,"timesteps":1000000,"clip_range":0.34387149392250504}