{"source_to_source_mean":1647.9745201599999,"source_to_source_std":212.39758123896507,"clip_range":0.30750532673151865,"timesteps":700000,"_step":0,"_runtime":2197.741628838,"ent_coef":0.01916352755942171,"_timestamp":1.7370498013573532e+09,"source_to_target_std":47.154869159083596,"learning_rate":0.0004187767759350119,"source_to_target_mean":895.2225350399999,"_wandb":{"runtime":2197}}