{"learning_rate":0.0004834521596411838,"_timestamp":1.7375109593998942e+09,"_step":0,"source_to_source_std":248.58830261751163,"source_to_target_mean":536.26011344,"_runtime":2710.916375148,"timesteps":1000000,"source_to_source_mean":1293.4686993399998,"source_to_target_std":21.41741180736115,"ent_coef":0.01431146754440522,"_wandb":{"runtime":2710},"clip_range":0.3116849815783177}