{"target_to_target_mean": 1658.81915626, "target_to_target_std": 145.7867930877114, "learning_rate": 0.000425018279696517, "clip_range": 0.28034585132595635, "ent_coef": 0.018657674922517006, "timesteps": 700000, "_timestamp": 1737053180.9068124, "_runtime": 1362.0777094364166, "_step": 0, "_wandb": {"runtime": 1361}}