{"_wandb":{"runtime":2745},"_runtime":2745.049016428,"clip_range":0.2748920107336023,"source_to_target_mean":839.02876288,"ent_coef":0.016243641208144973,"source_to_target_std":35.07700191567891,"_timestamp":1.737521644946649e+09,"timesteps":1000000,"source_to_source_mean":1348.3092933200003,"learning_rate":0.00031768192885547777,"source_to_source_std":58.41617687722665,"_step":0}