{"_step":0,"target_to_target_std":129.19469631420566,"clip_range":0.30810904625553126,"learning_rate":0.0003606727192856284,"target_to_target_mean":1392.0321696999997,"_runtime":2718.307894631,"_wandb":{"runtime":2718},"ent_coef":0.0015880926854501109,"_timestamp":1.737527062522521e+09,"timesteps":1000000}