{"delta_thigh_mass": 0.3, "delta_leg_mass": "0", "delta_foot_mass": "0", "source_to_source_mean": 1218.67340166, "source_to_source_std": 148.9409786681724, "source_to_target_mean": 671.8585353, "source_to_target_std": 137.19686665103683, "timesteps": 1000000, "_timestamp": 1737670032.3909225, "_runtime": 1842.2208695411682, "_step": 0, "_wandb": {"runtime": 1841}}