{"timesteps":1000000,"_runtime":2594.3941729,"source_to_target_mean":988.0995932999999,"_step":0,"source_to_target_std":425.57714161033437,"source_to_source_std":297.8849802821266,"_wandb":{"runtime":2594},"_timestamp":1.737638481726205e+09,"source_to_source_mean":1235.59783062,"delta":0.15}