{"_timestamp":1.7370475976163125e+09,"source_to_target_mean":965.0589063599999,"_runtime":1825.591491468,"learning_rate":8.587039416099031e-05,"clip_range":0.3084405386407343,"_wandb":{"runtime":1825},"_step":0,"ent_coef":0.011517762138208897,"source_to_source_mean":1099.3449565399999,"timesteps":700000,"source_to_source_std":239.19445650983124,"source_to_target_std":163.18034479026701}