{"clip_range":0.2995812328427186,"target_to_target_mean":1190.93631916,"ent_coef":0.006770581038501646,"target_to_target_std":268.3849551561842,"_timestamp":1.7375548624438593e+09,"_wandb":{"runtime":2612},"learning_rate":0.0005656379768453867,"timesteps":1000000,"_step":0,"_runtime":2612.72000055}