{"source_to_target_mean":1257.8503002799998,"source_to_source_mean":1331.40278736,"delta":0.2,"_wandb":{"runtime":2685},"timesteps":1000000,"_timestamp":1.7376411713162646e+09,"_step":0,"_runtime":2685.500311243,"source_to_source_std":153.80017617130562,"source_to_target_std":315.17831952928015}