{
    "delta_thigh_mass": "0",
    "delta_leg_mass": "0",
    "delta_foot_mass": 0.3,
    "source_to_source_mean": 1497.14632194,
    "source_to_source_std": 168.8323938581945,
    "source_to_target_mean": 1097.37527742,
    "source_to_target_std": 397.65199485177396,
    "#run": 9
}