{
    "delta": 0.0,
    "source_to_source_mean": 1045.04690024,
    "source_to_source_std": 267.75936233863183,
    "source_to_target_mean": 835.47012504,
    "source_to_target_std": 252.94335034696934,
    "#run": 0,
    "delta_thigh_mass": "0.25",
    "delta_leg_mass": "0.3",
    "delta_foot_mass": "0.3"
}