{"timesteps":1000000,"_runtime":2605.935411616,"source_to_source_mean":434.68615530000005,"source_to_target_mean":448.26725744000004,"source_to_source_std":16.595785730408032,"_wandb":{"runtime":2605},"learning_rate":2.085280614051901e-05,"ent_coef":0.00262225946371053,"_step":0,"clip_range":0.341376944478996,"_timestamp":1.7375163341074405e+09,"source_to_target_std":15.746629894425851}