{"delta_thigh_mass": "0.25", "delta_leg_mass": "0.3", "delta_foot_mass": "0.3", "source_to_source_mean": 1045.04690024, "source_to_source_std": 267.75936233863183, "source_to_target_mean": 835.47012504, "source_to_target_std": 252.94335034696934, "timesteps": 1000000, "_timestamp": 1737715951.3821926, "_runtime": 2775.4463255405426, "_step": 0, "_wandb": {"runtime": 2775}}