{"delta_thigh_mass":0,"delta_foot_mass":0.35,"_wandb":{"runtime":2698},"source_to_source_std":418.89406048003286,"source_to_target_std":121.77432379938223,"_timestamp":1.7377083822506707e+09,"source_to_source_mean":1590.7050656600002,"delta_leg_mass":0,"_step":0,"source_to_target_mean":401.68107624000004,"_runtime":2698.330558573,"timesteps":1000000}