{"learning_rate":0.0005010151072341654,"ent_coef":0.015828446365141136,"source_to_source_mean":1706.3778380800002,"source_to_target_std":25.857230994858718,"source_to_target_mean":811.5237179,"source_to_source_std":48.595359987314815,"timesteps":700000,"_runtime":1986.849268266,"_wandb":{"runtime":1986},"_timestamp":1.7370457647641602e+09,"clip_range":0.28083848179023874,"_step":0}