{"clip_range":0.28001660923889243,"_timestamp":1.737549621893227e+09,"ent_coef":0.0040282571257460945,"_step":0,"target_to_target_mean":850.7018251999999,"target_to_target_std":201.61513122970578,"learning_rate":0.000835088592875986,"_runtime":3225.363463134,"_wandb":{"runtime":3225},"timesteps":1000000}