{"target_to_target_mean": 1699.1079767, "target_to_target_std": 135.89836703102623, "learning_rate": 0.000758518325364896, "clip_range": 0.3030743732018844, "ent_coef": 0.011837430681923524, "timesteps": 700000, "_timestamp": 1737051801.611192, "_runtime": 1411.3642358779907, "_step": 0, "_wandb": {"runtime": 1410}}