{"_wandb":{"runtime":2547},"learning_rate":2.169667695174997e-05,"ent_coef":0.01769150703418487,"_step":0,"source_to_source_std":31.95983508086016,"_timestamp":1.737518889905512e+09,"_runtime":2547.788527539,"clip_range":0.3188892062776282,"timesteps":1000000,"source_to_target_mean":334.21683806,"source_to_source_mean":331.8777082,"source_to_target_std":96.47553854947655}