{"learning_rate":0.0005365290871398828,"ent_coef":0.004459241485273187,"_timestamp":1.737529722403355e+09,"clip_range":0.30481297040630906,"timesteps":1000000,"_runtime":2654.44521863,"_step":0,"target_to_target_mean":805.5427994199999,"_wandb":{"runtime":2654},"target_to_target_std":289.8592015641733}