{
    "source_to_source_mean": 1585.38763642,
    "delta_thigh_mass": 0.25,
    "_runtime": 1768.96828391,
    "delta_leg_mass": 0,
    "timesteps": 700000,
    "_wandb": {
        "runtime": 1768
    },
    "source_to_source_std": 141.30839132377076,
    "_step": 0,
    "delta_foot_mass": 0,
    "source_to_target_mean": 1255.88890654,
    "_timestamp": 1.737311779197016e+09,
    "source_to_target_std": 153.79337588889842
}