{"target_to_target_std":121.22254869074553,"learning_rate":0.00010954393996559134,"clip_range":0.26192448865503465,"_timestamp":1.737552244239496e+09,"_step":0,"timesteps":1000000,"target_to_target_mean":996.0565919,"ent_coef":0.012569926211744253,"_wandb":{"runtime":2616},"_runtime":2616.784694899}