{"target_to_target_mean": 1514.97788088, "target_to_target_std": 187.10745254094317, "learning_rate": 0.0007493702502820954, "clip_range": 0.28599003828824054, "ent_coef": 0.00942693937999944, "timesteps": 700000, "_timestamp": 1737050382.2181685, "_runtime": 1394.301453590393, "_step": 0, "_wandb": {"runtime": 1393}}