{"timesteps":1000000,"_runtime":2526.728990404,"source_to_source_mean":439.98983488000005,"source_to_target_std":13.360880253062241,"learning_rate":3.424894360758966e-05,"ent_coef":0.0017484857483475976,"source_to_source_std":15.772946816443927,"_wandb":{"runtime":2526},"_step":0,"clip_range":0.2821493422615552,"_timestamp":1.7375029880580888e+09,"source_to_target_mean":463.10520232000005}