{"delta_thigh_mass": "0", "delta_leg_mass": 0.25, "delta_foot_mass": "0", "source_to_source_mean": 1265.54278432, "source_to_source_std": 216.74205999060015, "source_to_target_mean": 1045.25408906, "source_to_target_std": 334.0306168959464, "timesteps": 1000000, "_timestamp": 1737675653.6187654, "_runtime": 1861.0233254432678, "_step": 0, "_wandb": {"runtime": 1860}}