{
    "delta": 0.35,
    "source_to_source_mean": 1399.00837326,
    "source_to_source_std": 214.10768050131767,
    "source_to_target_mean": 1128.584695,
    "source_to_target_std": 330.8798249531508,
    "#run": 2
}