{
    "source_to_target_mean": 1352.11133774,
    "source_to_target_std": 217.1543706596208,
    "_timestamp": 1.7372526194989476e+09,
    "delta_leg_mass": 0.15,
    "_step": 0,
    "delta_foot_mass": 0,
    "timesteps": 700000,
    "_wandb": {
        "runtime": 1862
    },
    "_runtime": 1862.811968117,
    "source_to_source_mean": 1709.39572748,
    "delta_thigh_mass": 0,
    "source_to_source_std": 8.920606588201384
}