{"_wandb":{"runtime":1883},"source_to_source_mean":1712.38173946,"source_to_source_std":16.259292731173844,"_timestamp":1.7370326740961177e+09,"_step":0,"timesteps":700000,"ent_coef":0.012416831396672916,"_runtime":1883.241061605,"source_to_target_mean":1440.9121271600002,"source_to_target_std":188.0811040340377,"clip_range":0.2648629139607879,"learning_rate":0.0006165903606231896}