{"_step":0,"source_to_target_mean":886.31420492,"delta_thigh_mass":0.4,"_wandb":{"runtime":4512},"delta_leg_mass":0,"source_to_source_std":187.48706801678932,"_runtime":4512.626048674,"delta_foot_mass":0,"source_to_target_std":78.42393578508249,"source_to_source_mean":1247.8412202399998,"timesteps":1000000,"_timestamp":1.737692312149886e+09}