{"clip_range":0.30750134680490154,"ent_coef":0.009652431335768144,"_runtime":3121.854218016,"learning_rate":0.0006138082872795343,"_wandb":{"runtime":3121},"_step":0,"target_to_target_mean":940.9345644800001,"_timestamp":1.7375610735311182e+09,"timesteps":1000000,"target_to_target_std":341.00341676209234}