{"source_to_target_std":23.252174988307477,"source_to_target_mean":558.81253286,"_runtime":2680.94032775,"_step":0,"source_to_source_std":313.68349850314667,"clip_range":0.25089773072260346,"ent_coef":0.008039429126532046,"_wandb":{"runtime":2680},"source_to_source_mean":1275.28038544,"timesteps":1000000,"_timestamp":1.737500450604598e+09,"learning_rate":0.0008256369420351824}