{"_wandb":{"runtime":2656},"clip_range":0.2911255568310375,"_runtime":2656.92285302,"_timestamp":1.7375351418120503e+09,"target_to_target_mean":854.85891588,"learning_rate":0.0006325009608116929,"_step":0,"ent_coef":0.002317791195112528,"timesteps":1000000,"target_to_target_std":259.81336542368547}