{"source_to_target_std":90.70262262228901,"clip_range":0.30003314903652695,"_step":0,"source_to_source_std":23.845181868628867,"learning_rate":0.0002847732673240719,"timesteps":700000,"source_to_target_mean":1304.23942496,"_runtime":2510.838365716,"source_to_source_mean":1664.5363966000002,"ent_coef":0.003407257681087044,"_wandb":{"runtime":2510},"_timestamp":1.7370523209434488e+09}