{
    "delta": "0.20",
    "source_to_source_mean": 1713.0236761999997,
    "source_to_source_std": 22.698268110339253,
    "source_to_target_mean": 1018.41182914,
    "source_to_target_std": 39.02154321634789,
    "#run": 3
}