{"ent_coef":0.013757159709622432,"source_to_target_std":384.09573332682913,"_runtime":2753.274191866,"learning_rate":0.0002702149435160979,"_wandb":{"runtime":2753},"clip_range":0.3097851409373266,"_timestamp":1.7375137225858848e+09,"_step":0,"source_to_source_mean":1443.7843731799999,"timesteps":1000000,"source_to_target_mean":905.30558966,"source_to_source_std":187.3750933890712}