{
    "delta_thigh_mass": 0,
    "delta_leg_mass": 0.35,
    "delta_foot_mass": 0,
    "source_to_source_mean": 1716.94646812,
    "source_to_source_std": 237.81040958070494,
    "source_to_target_mean": 685.7808109000001,
    "source_to_target_std": 116.82289445533839,
    "#run": 4
}