{
    "delta_thigh_mass": 0.35,
    "delta_leg_mass": 0,
    "delta_foot_mass": 0,
    "source_to_source_mean": 1418.2427757199998,
    "source_to_source_std": 194.16098523207037,
    "source_to_target_mean": 552.2210872800001,
    "source_to_target_std": 46.81315493526869,
    "#run": 7
}