{"source_to_source_mean": 1399.00837326, "source_to_source_std": 214.10768050131767, "source_to_target_mean": 1128.584695, "source_to_target_std": 330.8798249531508, "delta": 0.35, "timesteps": 1000000, "_timestamp": 1737650965.6361744, "_runtime": 1873.845237493515, "_step": 0, "_wandb": {"runtime": 1873}}