{"source_to_target_std":240.1929964179311,"source_to_source_mean":1042.55276376,"timesteps":1000000,"clip_range":0.33195835925631495,"source_to_source_std":276.6123897748257,"_timestamp":1.737524340394118e+09,"_step":0,"source_to_target_mean":861.6063705199999,"ent_coef":0.007385359300232359,"_wandb":{"runtime":2690},"learning_rate":0.0009899270471066808,"_runtime":2690.28813252}