{"source_to_source_std":101.76326722544793,"source_to_target_mean":968.29013368,"source_to_target_std":56.61697075930022,"_timestamp":1.7372293981549308e+09,"source_to_source_mean":1607.750576,"delta":"0.25","_wandb":{"runtime":1863},"timesteps":700000,"_step":0,"_runtime":1863.950596867}