{"source_to_source_mean": 1341.3324701400002, "source_to_source_std": 122.40117762850947, "source_to_target_mean": 886.89301978, "source_to_target_std": 299.1775029452806, "delta": 0.25, "timesteps": 1000000, "_timestamp": 1737647234.3689384, "_runtime": 1878.0568883419037, "_step": 0, "_wandb": {"runtime": 1877}}