{"source_to_source_mean": 922.12644286, "source_to_source_std": 583.3115047061777, "source_to_target_mean": 931.47988998, "source_to_target_std": 589.6559891849255, "delta": 0.3, "timesteps": 1000000, "_timestamp": 1737649078.138176, "_runtime": 1826.782928943634, "_step": 0, "_wandb": {"runtime": 1826}}