{
    "delta_foot_mass": 0.2,
    "delta_thigh_mass": 0.25,
    "delta_leg_mass": 0.2,
    "source_to_source_mean": 1707.3139104400002,
    "source_to_target_mean": 1131.1528278199999,
    "source_to_source_std": 33.2865340422444,
    "source_to_target_std": 149.0586334929124
}