{"source_to_source_mean":1403.20364404,"_wandb":{"runtime":2999},"delta_leg_mass":0.3,"delta_foot_mass":0,"timesteps":1000000,"source_to_source_std":170.23459579250297,"_step":0,"_runtime":2999.402031067,"source_to_target_std":171.25683531425207,"source_to_target_mean":921.1222679999998,"delta_thigh_mass":0,"_timestamp":1.7377141042194192e+09}