{"delta_thigh_mass": 0.25, "delta_leg_mass": "0", "delta_foot_mass": "0", "source_to_source_mean": 1467.3328372200003, "source_to_source_std": 193.8738553798071, "source_to_target_mean": 1221.83663976, "source_to_target_std": 357.8341725011671, "timesteps": 1000000, "_timestamp": 1737668178.7937353, "_runtime": 1887.7474982738495, "_step": 0, "_wandb": {"runtime": 1887}}